-- Popolamento completo e compatibile con tavern_portal

INSERT INTO users (id, username, email, password_hash, created_at, profile_image_url, is_banned, deletion_scheduled_on) VALUES (1, 'lorenzo.rossi', 'lorenzorossi@example.com', 'pbkdf2_sha256$310000$9a71f03192ead1e9185c228107f0f699$ba86b9f5eee054465a793734836f225ff227015cc1fe8840747e0e025b97b42e', NOW(), 'https://cdn.tavern.example/avatars/lorenzo.rossi.png', FALSE, NULL);
INSERT INTO users (id, username, email, password_hash, created_at, profile_image_url, is_banned, deletion_scheduled_on) VALUES (2, 'francesca.bianchi', 'francescabianchi@example.com', 'pbkdf2_sha256$310000$c973b66ce86f35689852116a8ed97a5e$252effa1493a6783a8355d98600cb00cb2715583c4570fe245d69ed12e2ffb6c', NOW(), 'https://cdn.tavern.example/avatars/francesca.bianchi.png', FALSE, NULL);
INSERT INTO users (id, username, email, password_hash, created_at, profile_image_url, is_banned, deletion_scheduled_on) VALUES (3, 'matteo.romano', 'matteoromano@example.com', 'pbkdf2_sha256$310000$69a612f5048dc2a05ad1f8a15fe441e7$2d273595653e0eefea08060b1797feda94a5a0d0af0cd88f6b4b0747c62b6302', NOW(), 'https://cdn.tavern.example/avatars/matteo.romano.png', FALSE, NULL);
INSERT INTO users (id, username, email, password_hash, created_at, profile_image_url, is_banned, deletion_scheduled_on) VALUES (4, 'alessia.ferrari', 'alessiaferrari@example.com', 'pbkdf2_sha256$310000$530571d72b778e2c9d45cc2f10f0f0d1$93ac4bb61a72e58117991e36f2575c95d54eadcbcad8fc776a8f251c9b4c5343', NOW(), 'https://cdn.tavern.example/avatars/alessia.ferrari.png', FALSE, NULL);
INSERT INTO users (id, username, email, password_hash, created_at, profile_image_url, is_banned, deletion_scheduled_on) VALUES (5, 'andrea.gallo', 'andreagallo@example.com', 'pbkdf2_sha256$310000$0735cfc7b388b9ed947fddcda371206f$9b5dc858552eb4a9e7fbe8f2f79bbe3384aea6edcec2bb84dd741c1926b0fc8a', NOW(), 'https://cdn.tavern.example/avatars/andrea.gallo.png', FALSE, NULL);
INSERT INTO users (id, username, email, password_hash, created_at, profile_image_url, is_banned, deletion_scheduled_on) VALUES (6, 'giulia.moretti', 'giuliamoretti@example.com', 'pbkdf2_sha256$310000$1656f318457d2bde236bd3a54c1415e2$db999d85e621eed795f9621a38e9bcdb17d9673e3e76ca0227279d0902878dfa', NOW(), 'https://cdn.tavern.example/avatars/giulia.moretti.png', FALSE, NULL);
INSERT INTO users (id, username, email, password_hash, created_at, profile_image_url, is_banned, deletion_scheduled_on) VALUES (7, 'marco.giordano', 'marcogiordano@example.com', 'pbkdf2_sha256$310000$07cff196d58d1d1554f8d1ea983e967b$9d52867af3c90b59d040efeb14121d44efc698686034d0d9b8100dd1a163ecf0', NOW(), 'https://cdn.tavern.example/avatars/marco.giordano.png', FALSE, NULL);
INSERT INTO users (id, username, email, password_hash, created_at, profile_image_url, is_banned, deletion_scheduled_on) VALUES (8, 'valeria.marino', 'valeriamarino@example.com', 'pbkdf2_sha256$310000$76b0c5b804e826f4580bebed9dcd82a8$1e7eaab5c72a3c5f87608f55268422b978fbe1dbe03fc4d78aaec3df0629bc1d', NOW(), 'https://cdn.tavern.example/avatars/valeria.marino.png', FALSE, NULL);
INSERT INTO users (id, username, email, password_hash, created_at, profile_image_url, is_banned, deletion_scheduled_on) VALUES (9, 'stefano.russo', 'stefanorusso@example.com', 'pbkdf2_sha256$310000$22bba3bec6d69aa8f239e29172d42cf8$556817a7cf70e638db9b42548f5663a8b73559d5045955bc67921e59bb8c531a', NOW(), 'https://cdn.tavern.example/avatars/stefano.russo.png', FALSE, NULL);
INSERT INTO users (id, username, email, password_hash, created_at, profile_image_url, is_banned, deletion_scheduled_on) VALUES (10, 'elisa.greco', 'elisagreco@example.com', 'pbkdf2_sha256$310000$72a2c329b1ea6d0d318b8899a40c3cb1$4cde23a9530602e6e7106aecadb25e8e9e57f8047feb0c75f4b0dfe445b344df', NOW(), 'https://cdn.tavern.example/avatars/elisa.greco.png', FALSE, NULL);
INSERT INTO users (id, username, email, password_hash, created_at, profile_image_url, is_banned, deletion_scheduled_on) VALUES (11, 'nicola.conti', 'nicolaconti@example.com', 'pbkdf2_sha256$310000$eb7c6855cb5164bde8a357f83dbb7264$023de87c34e8c8919683b569a0c89ad2f1c87fff2b5b0aa05113ce811413e564', NOW(), 'https://cdn.tavern.example/avatars/nicola.conti.png', FALSE, NULL);
INSERT INTO users (id, username, email, password_hash, created_at, profile_image_url, is_banned, deletion_scheduled_on) VALUES (12, 'sara.galli', 'saragalli@example.com', 'pbkdf2_sha256$310000$80fae057a433dbace5f20786a902701d$461c8e412bf0f797108d9350b59f6832b049303e8ba663edccf415758b4cfaa2', NOW(), 'https://cdn.tavern.example/avatars/sara.galli.png', FALSE, NULL);
INSERT INTO users (id, username, email, password_hash, created_at, profile_image_url, is_banned, deletion_scheduled_on) VALUES (13, 'davide.manfredi', 'davidemanfredi@example.com', 'pbkdf2_sha256$310000$a376111e1757305c88ed9a1a8a89f65b$109aaf3b21e4a1ffb0b7747d0e74999fdd57bfd46008cbb4892bc77e2c8d8ab9', NOW(), 'https://cdn.tavern.example/avatars/davide.manfredi.png', FALSE, NULL);
INSERT INTO users (id, username, email, password_hash, created_at, profile_image_url, is_banned, deletion_scheduled_on) VALUES (14, 'federica.serra', 'federicaserra@example.com', 'pbkdf2_sha256$310000$0eb1f7828b6eab4c0ffe9dd23e846166$a4b1faa645ddde0c0e3e02abb43db2b3db5c7203132d41b08e9b94b893c10feb', NOW(), 'https://cdn.tavern.example/avatars/federica.serra.png', FALSE, NULL);
INSERT INTO users (id, username, email, password_hash, created_at, profile_image_url, is_banned, deletion_scheduled_on) VALUES (15, 'riccardo.negri', 'riccardonegri@example.com', 'pbkdf2_sha256$310000$ea845422368ca91b52b6cb8a31921cc9$434a9eb119d7710388dcd1e30538b770259c759dbec1f313e38b0094105d433e', NOW(), 'https://cdn.tavern.example/avatars/riccardo.negri.png', FALSE, NULL);
INSERT INTO users (id, username, email, password_hash, created_at, profile_image_url, is_banned, deletion_scheduled_on) VALUES (16, 'chiara.costa', 'chiaracosta@example.com', 'pbkdf2_sha256$310000$fbb5c4059a76ad20fc88783e9d6869a5$9887a1f9172488e07ab67bd6aec1c68b9119ecd6767e5f7c5bb2582c8930a8be', NOW(), 'https://cdn.tavern.example/avatars/chiara.costa.png', FALSE, NULL);
INSERT INTO users (id, username, email, password_hash, created_at, profile_image_url, is_banned, deletion_scheduled_on) VALUES (17, 'simone.lombardi', 'simonelombardi@example.com', 'pbkdf2_sha256$310000$cb3b42b3ab31c501d5d8af4333e2c2cf$67ed0bd861076d3192a9d434a6b07cc7cea2f0643924dcd46d702ed0357ed11b', NOW(), 'https://cdn.tavern.example/avatars/simone.lombardi.png', FALSE, NULL);
INSERT INTO users (id, username, email, password_hash, created_at, profile_image_url, is_banned, deletion_scheduled_on) VALUES (18, 'martina.bernardi', 'martinabernardi@example.com', 'pbkdf2_sha256$310000$7debe1d971df221955a35ac27f4d44fa$8dd1c176989107f3553dad0625163e6d499263f081ab20916221b6207246ce11', NOW(), 'https://cdn.tavern.example/avatars/martina.bernardi.png', FALSE, NULL);
INSERT INTO users (id, username, email, password_hash, created_at, profile_image_url, is_banned, deletion_scheduled_on) VALUES (19, 'fabrizio.marchetti', 'fabriziomarchetti@example.com', 'pbkdf2_sha256$310000$79c89b7cb878c2d4f00e7dd48d7b9767$fed11bfc4e8ad103bcd5a43abeaf6f68b5193c4118a1f08838680844a44d1f64', NOW(), 'https://cdn.tavern.example/avatars/fabrizio.marchetti.png', FALSE, NULL);
INSERT INTO users (id, username, email, password_hash, created_at, profile_image_url, is_banned, deletion_scheduled_on) VALUES (20, 'anna.parisi', 'annaparisi@example.com', 'pbkdf2_sha256$310000$4c2739607f3b8c5e7602662783d63b10$a47608de250670eb772a07aebac56b142c6e940b7948ccc2608ee563d1d36a94', NOW(), 'https://cdn.tavern.example/avatars/anna.parisi.png', FALSE, NULL);
INSERT INTO users (id, username, email, password_hash, created_at, profile_image_url, is_banned, deletion_scheduled_on) VALUES (21, 'paolo.damico', 'paolodamico@example.com', 'pbkdf2_sha256$310000$a39e2634168d8538504356e93a1eca5e$5f627572ff55a3e228e15a61c334798921c7f88be15a27c6b7755df4c0379b24', NOW(), 'https://cdn.tavern.example/avatars/paolo.damico.png', FALSE, NULL);
INSERT INTO users (id, username, email, password_hash, created_at, profile_image_url, is_banned, deletion_scheduled_on) VALUES (22, 'silvia.mancini', 'silviamancini@example.com', 'pbkdf2_sha256$310000$8e09c5210afbc563ded2eb8fde458907$87c46d2e4571b5d05fbfdcf03665976eca3fbe040be00800c27678f39c9f20ba', NOW(), 'https://cdn.tavern.example/avatars/silvia.mancini.png', FALSE, NULL);
INSERT INTO users (id, username, email, password_hash, created_at, profile_image_url, is_banned, deletion_scheduled_on) VALUES (23, 'gabriele.palumbo', 'gabrielepalumbo@example.com', 'pbkdf2_sha256$310000$3f567698a2a29b9731a84d4ac9f39c41$9ea9f343d1d6b46d67a1d51badb7e7381cdd99e6e179bfa84aad4b1c677c600f', NOW(), 'https://cdn.tavern.example/avatars/gabriele.palumbo.png', FALSE, NULL);
INSERT INTO users (id, username, email, password_hash, created_at, profile_image_url, is_banned, deletion_scheduled_on) VALUES (24, 'ilaria.rizzi', 'ilariarizzi@example.com', 'pbkdf2_sha256$310000$23fa1871a9c977bb48c5a770b3252537$8f574fb2bc5f06b18501b7b69daae8c1e5269714edded185f4c4027fa2ed3b0d', NOW(), 'https://cdn.tavern.example/avatars/ilaria.rizzi.png', FALSE, NULL);
INSERT INTO users (id, username, email, password_hash, created_at, profile_image_url, is_banned, deletion_scheduled_on) VALUES (25, 'alberto.santoro', 'albertosantoro@example.com', 'pbkdf2_sha256$310000$2ff8cf194dbc25e35816281b89e7e479$fa9ebe94bc11862b0f571300c9812d750d499f25e7ae7045d579833422dcbd41', NOW(), 'https://cdn.tavern.example/avatars/alberto.santoro.png', FALSE, NULL);
INSERT INTO users (id, username, email, password_hash, created_at, profile_image_url, is_banned, deletion_scheduled_on) VALUES (26, 'veronica.caputo', 'veronicacaputo@example.com', 'pbkdf2_sha256$310000$76e622c48310db3fa02aa0623ecdd402$1138e0d9140fb4281263941368fd681fe49bea9546ec06361d1d63100ad0e064', NOW(), 'https://cdn.tavern.example/avatars/veronica.caputo.png', FALSE, NULL);
INSERT INTO users (id, username, email, password_hash, created_at, profile_image_url, is_banned, deletion_scheduled_on) VALUES (27, 'diego.morello', 'diegomorello@example.com', 'pbkdf2_sha256$310000$795bbbd0757caebee68fdf882adf9cc5$5b4d865097fabcafaedc9e7a6dad514d074b117d2a2678dda050a81ae970587c', NOW(), 'https://cdn.tavern.example/avatars/diego.morello.png', FALSE, NULL);
INSERT INTO users (id, username, email, password_hash, created_at, profile_image_url, is_banned, deletion_scheduled_on) VALUES (28, 'laura.silvestri', 'laurasilvestri@example.com', 'pbkdf2_sha256$310000$4c20c2781577e952fd0d0fdf14291265$2b8451dec00387c393a4036a1c9d19940036ed046a4c548d8eef7ba6b36cd895', NOW(), 'https://cdn.tavern.example/avatars/laura.silvestri.png', FALSE, NULL);
INSERT INTO users (id, username, email, password_hash, created_at, profile_image_url, is_banned, deletion_scheduled_on) VALUES (29, 'alessandro.fabrizi', 'alessandrofabrizi@example.com', 'pbkdf2_sha256$310000$9f2707c6196afb419ed27851c61f5000$090c6af34b50cc4801a26a59092d84a43641d6de948ecb85e89c69e7c0652299', NOW(), 'https://cdn.tavern.example/avatars/alessandro.fabrizi.png', FALSE, NULL);
INSERT INTO users (id, username, email, password_hash, created_at, profile_image_url, is_banned, deletion_scheduled_on) VALUES (30, 'valentina.guerrini', 'valentinaguerrini@example.com', 'pbkdf2_sha256$310000$6a7d4522f9396a549f21d8777dc1f3ca$491d340fba2368dbfa8be727fb809da23b6e85f717679abef70ad657aedbe7ed', NOW(), 'https://cdn.tavern.example/avatars/valentina.guerrini.png', FALSE, NULL);
INSERT INTO users (id, username, email, password_hash, created_at, profile_image_url, is_banned, deletion_scheduled_on) VALUES (31, 'giorgio.polli', 'giorgiopolli@example.com', 'pbkdf2_sha256$310000$38a02980f9a8ba512bb47a8e830614a4$328622def38a7e8696d18aa4dba90fcd886381739a7b55974b0291c7065bf2a5', NOW(), 'https://cdn.tavern.example/avatars/giorgio.polli.png', FALSE, NULL);
INSERT INTO users (id, username, email, password_hash, created_at, profile_image_url, is_banned, deletion_scheduled_on) VALUES (32, 'beatrice.pellegrini', 'beatricepellegrini@example.com', 'pbkdf2_sha256$310000$4a433ebaba8452bf16aba7a83a48c41f$18999636f8a2489ddd1f91f6825b669226f566fae2e97fd96ccd17094c5269ee', NOW(), 'https://cdn.tavern.example/avatars/beatrice.pellegrini.png', FALSE, NULL);
INSERT INTO users (id, username, email, password_hash, created_at, profile_image_url, is_banned, deletion_scheduled_on) VALUES (33, 'nicoletta.corsi', 'nicolettacorsi@example.com', 'pbkdf2_sha256$310000$cc61af3dedd32a5020c08e7b29ab32b5$1d3154046dfba7d51a627b0207d3f31d4b5bcf5dbcc798cb857ec1af282d30a0', NOW(), 'https://cdn.tavern.example/avatars/nicoletta.corsi.png', FALSE, NULL);
INSERT INTO users (id, username, email, password_hash, created_at, profile_image_url, is_banned, deletion_scheduled_on) VALUES (34, 'vincenzo.angelo', 'vincenzoangelo@example.com', 'pbkdf2_sha256$310000$1a80223aa702ef9d52f8bf5a812de39a$0ad239f2042189fd51bc700499ab97b683320fcc0360176c7b3cdda60951c801', NOW(), 'https://cdn.tavern.example/avatars/vincenzo.angelo.png', FALSE, NULL);
INSERT INTO users (id, username, email, password_hash, created_at, profile_image_url, is_banned, deletion_scheduled_on) VALUES (35, 'marta.ciani', 'martaciani@example.com', 'pbkdf2_sha256$310000$5a8e37ddf21c8a3ee2a23135a7e3b87e$96fbc7bcde3fc76a60099a52381aa81678fdf67c9d939af938adfa727d43a301', NOW(), 'https://cdn.tavern.example/avatars/marta.ciani.png', FALSE, NULL);
INSERT INTO users (id, username, email, password_hash, created_at, profile_image_url, is_banned, deletion_scheduled_on) VALUES (36, 'enzo.barone', 'enzobarone@example.com', 'pbkdf2_sha256$310000$39151d34cb54170f0103d1300876e9fc$3aeef1b582b493f0ac5cc45633f898be922ad66887895c7810783cb47af1dc7b', NOW(), 'https://cdn.tavern.example/avatars/enzo.barone.png', FALSE, NULL);
INSERT INTO users (id, username, email, password_hash, created_at, profile_image_url, is_banned, deletion_scheduled_on) VALUES (37, 'serena.colombo', 'serenacolombo@example.com', 'pbkdf2_sha256$310000$21910f10d49d570ec742c41eb1733100$5eaa9fc81714f8db2dc275d05cfb7c419980ccb6065a82727fed201d466c9d1b', NOW(), 'https://cdn.tavern.example/avatars/serena.colombo.png', FALSE, NULL);
INSERT INTO users (id, username, email, password_hash, created_at, profile_image_url, is_banned, deletion_scheduled_on) VALUES (38, 'fabio.ross', 'fabioross@example.com', 'pbkdf2_sha256$310000$1a3452f033b4960d5e4b85758007eb84$15039f74cca041a2f8f92371b74554ef8945676cb31432c365775b80637adae2', NOW(), 'https://cdn.tavern.example/avatars/fabio.ross.png', FALSE, NULL);
INSERT INTO users (id, username, email, password_hash, created_at, profile_image_url, is_banned, deletion_scheduled_on) VALUES (39, 'luisa.salerno', 'luisasalerno@example.com', 'pbkdf2_sha256$310000$2b7e3a3d5399f81f46deaecb37a3860b$d8d49a8f52b34a67824f7d45d6051f4648f64eae081a86418f92f0336e1e65f2', NOW(), 'https://cdn.tavern.example/avatars/luisa.salerno.png', FALSE, NULL);
INSERT INTO users (id, username, email, password_hash, created_at, profile_image_url, is_banned, deletion_scheduled_on) VALUES (40, 'cristiano.degli.angeli', 'cristianodegliangeli@example.com', 'pbkdf2_sha256$310000$730e9fefe13406adb298f30ec3d4b3c0$7859f6bfc3fa0b839ccea726ecd521e764ea22a3caa49582d46f966bf5ceb2e8', NOW(), 'https://cdn.tavern.example/avatars/cristiano.degli.angeli.png', FALSE, NULL);
INSERT INTO users (id, username, email, password_hash, created_at, profile_image_url, is_banned, deletion_scheduled_on) VALUES (41, 'marina.bernardo', 'marinabernardo@example.com', 'pbkdf2_sha256$310000$816b5ddbf0ef2636aa86dfe496c9c062$c9b3d4b49b6ce583e41134cbab04fe9ddd914b7885d4928eb4b44a8214ad431f', NOW(), 'https://cdn.tavern.example/avatars/marina.bernardo.png', FALSE, NULL);
INSERT INTO users (id, username, email, password_hash, created_at, profile_image_url, is_banned, deletion_scheduled_on) VALUES (42, 'pietro.villa', 'pietrovilla@example.com', 'pbkdf2_sha256$310000$374421699d867d9e745384c0b80b45bb$ad1b9586919e297e9a13fc8f7c51f002fd2c5108cd7cdc65f2c72d25a82e5e3e', NOW(), 'https://cdn.tavern.example/avatars/pietro.villa.png', FALSE, NULL);
INSERT INTO users (id, username, email, password_hash, created_at, profile_image_url, is_banned, deletion_scheduled_on) VALUES (43, 'elena.campana', 'elenacampana@example.com', 'pbkdf2_sha256$310000$df76e76a9754cd2f48a4cbde0853399b$2e93f8a4903c6982541412b2e07359ff662dae2fd58d5b86995417b7283c228d', NOW(), 'https://cdn.tavern.example/avatars/elena.campana.png', FALSE, NULL);
INSERT INTO users (id, username, email, password_hash, created_at, profile_image_url, is_banned, deletion_scheduled_on) VALUES (44, 'ermanno.lupo', 'ermannolupo@example.com', 'pbkdf2_sha256$310000$ff6714c867cedd66cb38be980f8bf1b6$3907d22765203f9e71d5f81905462b5e2cc1e8874346d7d4ec12aaf1e1d2dae8', NOW(), 'https://cdn.tavern.example/avatars/ermanno.lupo.png', FALSE, NULL);
INSERT INTO users (id, username, email, password_hash, created_at, profile_image_url, is_banned, deletion_scheduled_on) VALUES (45, 'paolina.neri', 'paolinaneri@example.com', 'pbkdf2_sha256$310000$d302566a7a3181d117ccdd9bcd0c3f8f$f05e558ce38150c58fd51e9ecfa1e6a908f3da7ded4fc86764d12a240268194f', NOW(), 'https://cdn.tavern.example/avatars/paolina.neri.png', FALSE, NULL);
INSERT INTO users (id, username, email, password_hash, created_at, profile_image_url, is_banned, deletion_scheduled_on) VALUES (46, 'roberto.falco', 'robertofalco@example.com', 'pbkdf2_sha256$310000$c359d2125058e85d894a10e78f5c0c58$6be10722ab14a227299b2935225c57f07ee34da753c19bd4f232008364c65107', NOW(), 'https://cdn.tavern.example/avatars/roberto.falco.png', FALSE, NULL);
INSERT INTO users (id, username, email, password_hash, created_at, profile_image_url, is_banned, deletion_scheduled_on) VALUES (47, 'isabella.verdi', 'isabellaverdi@example.com', 'pbkdf2_sha256$310000$48fbcaabe49a0f7664be3bd359bb19d4$f1acf446bd33ab082c6d4bc0af6ce6ac9d264e9442da7dd5def4d9f837d588f4', NOW(), 'https://cdn.tavern.example/avatars/isabella.verdi.png', FALSE, NULL);
INSERT INTO users (id, username, email, password_hash, created_at, profile_image_url, is_banned, deletion_scheduled_on) VALUES (48, 'gianluca.valli', 'gianlucavalli@example.com', 'pbkdf2_sha256$310000$d0010d8fb0a66eefcb4b0350c10157ee$4abbe2c3cad0395f0ff997712c768f3b3648a0cc885624a16609de2ae8da90f9', NOW(), 'https://cdn.tavern.example/avatars/gianluca.valli.png', FALSE, NULL);
INSERT INTO users (id, username, email, password_hash, created_at, profile_image_url, is_banned, deletion_scheduled_on) VALUES (49, 'monica.ferri', 'monicaferri@example.com', 'pbkdf2_sha256$310000$814730f38010a39791bb188989b307ac$790622f20fcfba2a80859b6ca36fd813b268f07922ae6b27828aaa009f7a199c', NOW(), 'https://cdn.tavern.example/avatars/monica.ferri.png', FALSE, NULL);
INSERT INTO users (id, username, email, password_hash, created_at, profile_image_url, is_banned, deletion_scheduled_on) VALUES (50, 'stella.longo', 'stellalongo@example.com', 'pbkdf2_sha256$310000$ce8f4d7053764b89939b521a3ffea2f9$097858657bcd155e408ec3eff17c700f1db76c970d7e070f6e5cd4e2112c79f9', NOW(), 'https://cdn.tavern.example/avatars/stella.longo.png', FALSE, NULL);

-- Ruoli (tutti ROLE_USER)

INSERT INTO users_roles (user_id, role_id) VALUES (1, 2);
INSERT INTO users_roles (user_id, role_id) VALUES (2, 2);
INSERT INTO users_roles (user_id, role_id) VALUES (3, 2);
INSERT INTO users_roles (user_id, role_id) VALUES (4, 2);
INSERT INTO users_roles (user_id, role_id) VALUES (5, 2);
INSERT INTO users_roles (user_id, role_id) VALUES (6, 2);
INSERT INTO users_roles (user_id, role_id) VALUES (7, 2);
INSERT INTO users_roles (user_id, role_id) VALUES (8, 2);
INSERT INTO users_roles (user_id, role_id) VALUES (9, 2);
INSERT INTO users_roles (user_id, role_id) VALUES (10, 2);
INSERT INTO users_roles (user_id, role_id) VALUES (11, 2);
INSERT INTO users_roles (user_id, role_id) VALUES (12, 2);
INSERT INTO users_roles (user_id, role_id) VALUES (13, 2);
INSERT INTO users_roles (user_id, role_id) VALUES (14, 2);
INSERT INTO users_roles (user_id, role_id) VALUES (15, 2);
INSERT INTO users_roles (user_id, role_id) VALUES (16, 2);
INSERT INTO users_roles (user_id, role_id) VALUES (17, 2);
INSERT INTO users_roles (user_id, role_id) VALUES (18, 2);
INSERT INTO users_roles (user_id, role_id) VALUES (19, 2);
INSERT INTO users_roles (user_id, role_id) VALUES (20, 2);
INSERT INTO users_roles (user_id, role_id) VALUES (21, 2);
INSERT INTO users_roles (user_id, role_id) VALUES (22, 2);
INSERT INTO users_roles (user_id, role_id) VALUES (23, 2);
INSERT INTO users_roles (user_id, role_id) VALUES (24, 2);
INSERT INTO users_roles (user_id, role_id) VALUES (25, 2);
INSERT INTO users_roles (user_id, role_id) VALUES (26, 2);
INSERT INTO users_roles (user_id, role_id) VALUES (27, 2);
INSERT INTO users_roles (user_id, role_id) VALUES (28, 2);
INSERT INTO users_roles (user_id, role_id) VALUES (29, 2);
INSERT INTO users_roles (user_id, role_id) VALUES (30, 2);
INSERT INTO users_roles (user_id, role_id) VALUES (31, 2);
INSERT INTO users_roles (user_id, role_id) VALUES (32, 2);
INSERT INTO users_roles (user_id, role_id) VALUES (33, 2);
INSERT INTO users_roles (user_id, role_id) VALUES (34, 2);
INSERT INTO users_roles (user_id, role_id) VALUES (35, 2);
INSERT INTO users_roles (user_id, role_id) VALUES (36, 2);
INSERT INTO users_roles (user_id, role_id) VALUES (37, 2);
INSERT INTO users_roles (user_id, role_id) VALUES (38, 2);
INSERT INTO users_roles (user_id, role_id) VALUES (39, 2);
INSERT INTO users_roles (user_id, role_id) VALUES (40, 2);
INSERT INTO users_roles (user_id, role_id) VALUES (41, 2);
INSERT INTO users_roles (user_id, role_id) VALUES (42, 2);
INSERT INTO users_roles (user_id, role_id) VALUES (43, 2);
INSERT INTO users_roles (user_id, role_id) VALUES (44, 2);
INSERT INTO users_roles (user_id, role_id) VALUES (45, 2);
INSERT INTO users_roles (user_id, role_id) VALUES (46, 2);
INSERT INTO users_roles (user_id, role_id) VALUES (47, 2);
INSERT INTO users_roles (user_id, role_id) VALUES (48, 2);
INSERT INTO users_roles (user_id, role_id) VALUES (49, 2);
INSERT INTO users_roles (user_id, role_id) VALUES (50, 2);

-- Player e Master

INSERT INTO players (user_id) VALUES (1);
INSERT INTO players (user_id) VALUES (2);
INSERT INTO players (user_id) VALUES (3);
INSERT INTO players (user_id) VALUES (4);
INSERT INTO players (user_id) VALUES (5);
INSERT INTO players (user_id) VALUES (6);
INSERT INTO players (user_id) VALUES (7);
INSERT INTO players (user_id) VALUES (8);
INSERT INTO players (user_id) VALUES (9);
INSERT INTO players (user_id) VALUES (10);
INSERT INTO players (user_id) VALUES (11);
INSERT INTO players (user_id) VALUES (12);
INSERT INTO players (user_id) VALUES (13);
INSERT INTO players (user_id) VALUES (14);
INSERT INTO players (user_id) VALUES (15);
INSERT INTO players (user_id) VALUES (16);
INSERT INTO players (user_id) VALUES (17);
INSERT INTO players (user_id) VALUES (18);
INSERT INTO players (user_id) VALUES (19);
INSERT INTO players (user_id) VALUES (20);
INSERT INTO players (user_id) VALUES (21);
INSERT INTO players (user_id) VALUES (22);
INSERT INTO players (user_id) VALUES (23);
INSERT INTO players (user_id) VALUES (24);
INSERT INTO players (user_id) VALUES (25);
INSERT INTO players (user_id) VALUES (26);
INSERT INTO players (user_id) VALUES (27);
INSERT INTO players (user_id) VALUES (28);
INSERT INTO players (user_id) VALUES (29);
INSERT INTO players (user_id) VALUES (30);
INSERT INTO players (user_id) VALUES (31);
INSERT INTO players (user_id) VALUES (32);
INSERT INTO players (user_id) VALUES (33);
INSERT INTO players (user_id) VALUES (34);
INSERT INTO players (user_id) VALUES (35);
INSERT INTO players (user_id) VALUES (36);
INSERT INTO players (user_id) VALUES (37);
INSERT INTO players (user_id) VALUES (38);
INSERT INTO players (user_id) VALUES (39);
INSERT INTO players (user_id) VALUES (40);
INSERT INTO masters (user_id) VALUES (41);
INSERT INTO masters (user_id) VALUES (42);
INSERT INTO masters (user_id) VALUES (43);
INSERT INTO masters (user_id) VALUES (44);
INSERT INTO masters (user_id) VALUES (45);
INSERT INTO masters (user_id) VALUES (46);
INSERT INTO masters (user_id) VALUES (47);
INSERT INTO masters (user_id) VALUES (48);
INSERT INTO masters (user_id) VALUES (49);
INSERT INTO masters (user_id) VALUES (50);

-- Schede personaggio (auto_increment id)

INSERT INTO character_sheet (player_id, name, primary_class, primary_level, alignment, race, background, experience_points, strength, dexterity, constitution, intelligence, wisdom, charisma, proficiency_bonus, max_hit_points, current_hit_points, armor_class, initiative, speed, copper_pieces, silver_pieces, electrum_pieces, gold_pieces, platinum_pieces) VALUES (1, 'Aran', 'Rogue', 4, 'TRUE_NEUTRAL', 'HUMAN', 'Soldier', 0, 13, 10, 9, 18, 11, 14, 2, 14, 14, 15, 5, 30, 0, 0, 10, 0, 0);
INSERT INTO character_sheet (player_id, name, primary_class, primary_level, alignment, race, background, experience_points, strength, dexterity, constitution, intelligence, wisdom, charisma, proficiency_bonus, max_hit_points, current_hit_points, armor_class, initiative, speed, copper_pieces, silver_pieces, electrum_pieces, gold_pieces, platinum_pieces) VALUES (2, 'Lyra', 'Fighter', 2, 'TRUE_NEUTRAL', 'HUMAN', 'Soldier', 0, 8, 11, 15, 8, 9, 17, 2, 17, 17, 15, 5, 30, 0, 0, 10, 0, 0);
INSERT INTO character_sheet (player_id, name, primary_class, primary_level, alignment, race, background, experience_points, strength, dexterity, constitution, intelligence, wisdom, charisma, proficiency_bonus, max_hit_points, current_hit_points, armor_class, initiative, speed, copper_pieces, silver_pieces, electrum_pieces, gold_pieces, platinum_pieces) VALUES (3, 'Thorn', 'Bard', 2, 'TRUE_NEUTRAL', 'HUMAN', 'Soldier', 0, 17, 9, 14, 13, 16, 10, 2, 17, 17, 14, 4, 30, 0, 0, 10, 0, 0);
INSERT INTO character_sheet (player_id, name, primary_class, primary_level, alignment, race, background, experience_points, strength, dexterity, constitution, intelligence, wisdom, charisma, proficiency_bonus, max_hit_points, current_hit_points, armor_class, initiative, speed, copper_pieces, silver_pieces, electrum_pieces, gold_pieces, platinum_pieces) VALUES (4, 'Mira', 'Fighter', 5, 'TRUE_NEUTRAL', 'HUMAN', 'Soldier', 0, 15, 10, 10, 18, 16, 17, 2, 15, 15, 15, 5, 30, 0, 0, 10, 0, 0);
INSERT INTO character_sheet (player_id, name, primary_class, primary_level, alignment, race, background, experience_points, strength, dexterity, constitution, intelligence, wisdom, charisma, proficiency_bonus, max_hit_points, current_hit_points, armor_class, initiative, speed, copper_pieces, silver_pieces, electrum_pieces, gold_pieces, platinum_pieces) VALUES (5, 'Cael', 'Paladin', 3, 'TRUE_NEUTRAL', 'HUMAN', 'Soldier', 0, 15, 11, 16, 16, 13, 14, 2, 18, 18, 15, 5, 30, 0, 0, 10, 0, 0);
INSERT INTO character_sheet (player_id, name, primary_class, primary_level, alignment, race, background, experience_points, strength, dexterity, constitution, intelligence, wisdom, charisma, proficiency_bonus, max_hit_points, current_hit_points, armor_class, initiative, speed, copper_pieces, silver_pieces, electrum_pieces, gold_pieces, platinum_pieces) VALUES (6, 'Sera', 'Ranger', 3, 'TRUE_NEUTRAL', 'HUMAN', 'Soldier', 0, 8, 8, 12, 17, 9, 14, 2, 16, 16, 14, 4, 30, 0, 0, 10, 0, 0);
INSERT INTO character_sheet (player_id, name, primary_class, primary_level, alignment, race, background, experience_points, strength, dexterity, constitution, intelligence, wisdom, charisma, proficiency_bonus, max_hit_points, current_hit_points, armor_class, initiative, speed, copper_pieces, silver_pieces, electrum_pieces, gold_pieces, platinum_pieces) VALUES (7, 'Gideon', 'Rogue', 2, 'TRUE_NEUTRAL', 'HUMAN', 'Soldier', 0, 17, 9, 18, 11, 10, 12, 2, 19, 19, 14, 4, 30, 0, 0, 10, 0, 0);
INSERT INTO character_sheet (player_id, name, primary_class, primary_level, alignment, race, background, experience_points, strength, dexterity, constitution, intelligence, wisdom, charisma, proficiency_bonus, max_hit_points, current_hit_points, armor_class, initiative, speed, copper_pieces, silver_pieces, electrum_pieces, gold_pieces, platinum_pieces) VALUES (8, 'Nera', 'Druid', 4, 'TRUE_NEUTRAL', 'HUMAN', 'Soldier', 0, 16, 17, 8, 14, 18, 17, 2, 14, 14, 18, 8, 30, 0, 0, 10, 0, 0);
INSERT INTO character_sheet (player_id, name, primary_class, primary_level, alignment, race, background, experience_points, strength, dexterity, constitution, intelligence, wisdom, charisma, proficiency_bonus, max_hit_points, current_hit_points, armor_class, initiative, speed, copper_pieces, silver_pieces, electrum_pieces, gold_pieces, platinum_pieces) VALUES (9, 'Borin', 'Cleric', 4, 'TRUE_NEUTRAL', 'HUMAN', 'Soldier', 0, 15, 12, 18, 14, 10, 10, 2, 19, 19, 16, 6, 30, 0, 0, 10, 0, 0);
INSERT INTO character_sheet (player_id, name, primary_class, primary_level, alignment, race, background, experience_points, strength, dexterity, constitution, intelligence, wisdom, charisma, proficiency_bonus, max_hit_points, current_hit_points, armor_class, initiative, speed, copper_pieces, silver_pieces, electrum_pieces, gold_pieces, platinum_pieces) VALUES (10, 'Faye', 'Fighter', 2, 'TRUE_NEUTRAL', 'HUMAN', 'Soldier', 0, 9, 15, 10, 12, 14, 18, 2, 15, 15, 17, 7, 30, 0, 0, 10, 0, 0);
INSERT INTO character_sheet (player_id, name, primary_class, primary_level, alignment, race, background, experience_points, strength, dexterity, constitution, intelligence, wisdom, charisma, proficiency_bonus, max_hit_points, current_hit_points, armor_class, initiative, speed, copper_pieces, silver_pieces, electrum_pieces, gold_pieces, platinum_pieces) VALUES (11, 'Rook', 'Bard', 1, 'TRUE_NEUTRAL', 'HUMAN', 'Soldier', 0, 16, 13, 13, 9, 10, 15, 2, 16, 16, 16, 6, 30, 0, 0, 10, 0, 0);
INSERT INTO character_sheet (player_id, name, primary_class, primary_level, alignment, race, background, experience_points, strength, dexterity, constitution, intelligence, wisdom, charisma, proficiency_bonus, max_hit_points, current_hit_points, armor_class, initiative, speed, copper_pieces, silver_pieces, electrum_pieces, gold_pieces, platinum_pieces) VALUES (12, 'Elan', 'Druid', 5, 'TRUE_NEUTRAL', 'HUMAN', 'Soldier', 0, 13, 18, 14, 16, 15, 14, 2, 17, 17, 19, 9, 30, 0, 0, 10, 0, 0);
INSERT INTO character_sheet (player_id, name, primary_class, primary_level, alignment, race, background, experience_points, strength, dexterity, constitution, intelligence, wisdom, charisma, proficiency_bonus, max_hit_points, current_hit_points, armor_class, initiative, speed, copper_pieces, silver_pieces, electrum_pieces, gold_pieces, platinum_pieces) VALUES (13, 'Kira', 'Paladin', 2, 'TRUE_NEUTRAL', 'HUMAN', 'Soldier', 0, 10, 13, 18, 17, 11, 12, 2, 19, 19, 16, 6, 30, 0, 0, 10, 0, 0);
INSERT INTO character_sheet (player_id, name, primary_class, primary_level, alignment, race, background, experience_points, strength, dexterity, constitution, intelligence, wisdom, charisma, proficiency_bonus, max_hit_points, current_hit_points, armor_class, initiative, speed, copper_pieces, silver_pieces, electrum_pieces, gold_pieces, platinum_pieces) VALUES (14, 'Dorn', 'Ranger', 2, 'TRUE_NEUTRAL', 'HUMAN', 'Soldier', 0, 18, 9, 15, 11, 16, 15, 2, 17, 17, 14, 4, 30, 0, 0, 10, 0, 0);
INSERT INTO character_sheet (player_id, name, primary_class, primary_level, alignment, race, background, experience_points, strength, dexterity, constitution, intelligence, wisdom, charisma, proficiency_bonus, max_hit_points, current_hit_points, armor_class, initiative, speed, copper_pieces, silver_pieces, electrum_pieces, gold_pieces, platinum_pieces) VALUES (15, 'Vela', 'Fighter', 5, 'TRUE_NEUTRAL', 'HUMAN', 'Soldier', 0, 13, 8, 11, 16, 13, 18, 2, 15, 15, 14, 4, 30, 0, 0, 10, 0, 0);
INSERT INTO character_sheet (player_id, name, primary_class, primary_level, alignment, race, background, experience_points, strength, dexterity, constitution, intelligence, wisdom, charisma, proficiency_bonus, max_hit_points, current_hit_points, armor_class, initiative, speed, copper_pieces, silver_pieces, electrum_pieces, gold_pieces, platinum_pieces) VALUES (16, 'Orin', 'Ranger', 2, 'TRUE_NEUTRAL', 'HUMAN', 'Soldier', 0, 9, 16, 9, 17, 10, 12, 2, 14, 14, 18, 8, 30, 0, 0, 10, 0, 0);
INSERT INTO character_sheet (player_id, name, primary_class, primary_level, alignment, race, background, experience_points, strength, dexterity, constitution, intelligence, wisdom, charisma, proficiency_bonus, max_hit_points, current_hit_points, armor_class, initiative, speed, copper_pieces, silver_pieces, electrum_pieces, gold_pieces, platinum_pieces) VALUES (17, 'Lysa', 'Fighter', 4, 'TRUE_NEUTRAL', 'HUMAN', 'Soldier', 0, 9, 11, 12, 15, 8, 8, 2, 16, 16, 15, 5, 30, 0, 0, 10, 0, 0);
INSERT INTO character_sheet (player_id, name, primary_class, primary_level, alignment, race, background, experience_points, strength, dexterity, constitution, intelligence, wisdom, charisma, proficiency_bonus, max_hit_points, current_hit_points, armor_class, initiative, speed, copper_pieces, silver_pieces, electrum_pieces, gold_pieces, platinum_pieces) VALUES (18, 'Tarin', 'Cleric', 1, 'TRUE_NEUTRAL', 'HUMAN', 'Soldier', 0, 15, 14, 18, 11, 8, 18, 2, 19, 19, 17, 7, 30, 0, 0, 10, 0, 0);
INSERT INTO character_sheet (player_id, name, primary_class, primary_level, alignment, race, background, experience_points, strength, dexterity, constitution, intelligence, wisdom, charisma, proficiency_bonus, max_hit_points, current_hit_points, armor_class, initiative, speed, copper_pieces, silver_pieces, electrum_pieces, gold_pieces, platinum_pieces) VALUES (19, 'Mora', 'Rogue', 2, 'TRUE_NEUTRAL', 'HUMAN', 'Soldier', 0, 12, 17, 8, 15, 8, 10, 2, 14, 14, 18, 8, 30, 0, 0, 10, 0, 0);
INSERT INTO character_sheet (player_id, name, primary_class, primary_level, alignment, race, background, experience_points, strength, dexterity, constitution, intelligence, wisdom, charisma, proficiency_bonus, max_hit_points, current_hit_points, armor_class, initiative, speed, copper_pieces, silver_pieces, electrum_pieces, gold_pieces, platinum_pieces) VALUES (20, 'Edrin', 'Paladin', 1, 'TRUE_NEUTRAL', 'HUMAN', 'Soldier', 0, 16, 11, 13, 14, 11, 13, 2, 16, 16, 15, 5, 30, 0, 0, 10, 0, 0);
INSERT INTO character_sheet (player_id, name, primary_class, primary_level, alignment, race, background, experience_points, strength, dexterity, constitution, intelligence, wisdom, charisma, proficiency_bonus, max_hit_points, current_hit_points, armor_class, initiative, speed, copper_pieces, silver_pieces, electrum_pieces, gold_pieces, platinum_pieces) VALUES (21, 'Nyla', 'Druid', 3, 'TRUE_NEUTRAL', 'HUMAN', 'Soldier', 0, 13, 14, 9, 16, 13, 15, 2, 14, 14, 17, 7, 30, 0, 0, 10, 0, 0);
INSERT INTO character_sheet (player_id, name, primary_class, primary_level, alignment, race, background, experience_points, strength, dexterity, constitution, intelligence, wisdom, charisma, proficiency_bonus, max_hit_points, current_hit_points, armor_class, initiative, speed, copper_pieces, silver_pieces, electrum_pieces, gold_pieces, platinum_pieces) VALUES (22, 'Hald', 'Druid', 4, 'TRUE_NEUTRAL', 'HUMAN', 'Soldier', 0, 13, 9, 10, 12, 8, 16, 2, 15, 15, 14, 4, 30, 0, 0, 10, 0, 0);
INSERT INTO character_sheet (player_id, name, primary_class, primary_level, alignment, race, background, experience_points, strength, dexterity, constitution, intelligence, wisdom, charisma, proficiency_bonus, max_hit_points, current_hit_points, armor_class, initiative, speed, copper_pieces, silver_pieces, electrum_pieces, gold_pieces, platinum_pieces) VALUES (23, 'Junia', 'Cleric', 1, 'TRUE_NEUTRAL', 'HUMAN', 'Soldier', 0, 10, 17, 14, 12, 18, 17, 2, 17, 17, 18, 8, 30, 0, 0, 10, 0, 0);
INSERT INTO character_sheet (player_id, name, primary_class, primary_level, alignment, race, background, experience_points, strength, dexterity, constitution, intelligence, wisdom, charisma, proficiency_bonus, max_hit_points, current_hit_points, armor_class, initiative, speed, copper_pieces, silver_pieces, electrum_pieces, gold_pieces, platinum_pieces) VALUES (24, 'Keth', 'Rogue', 5, 'TRUE_NEUTRAL', 'HUMAN', 'Soldier', 0, 8, 12, 8, 11, 14, 15, 2, 14, 14, 16, 6, 30, 0, 0, 10, 0, 0);
INSERT INTO character_sheet (player_id, name, primary_class, primary_level, alignment, race, background, experience_points, strength, dexterity, constitution, intelligence, wisdom, charisma, proficiency_bonus, max_hit_points, current_hit_points, armor_class, initiative, speed, copper_pieces, silver_pieces, electrum_pieces, gold_pieces, platinum_pieces) VALUES (25, 'Rhea', 'Fighter', 5, 'TRUE_NEUTRAL', 'HUMAN', 'Soldier', 0, 8, 14, 17, 13, 17, 8, 2, 18, 18, 17, 7, 30, 0, 0, 10, 0, 0);
INSERT INTO character_sheet (player_id, name, primary_class, primary_level, alignment, race, background, experience_points, strength, dexterity, constitution, intelligence, wisdom, charisma, proficiency_bonus, max_hit_points, current_hit_points, armor_class, initiative, speed, copper_pieces, silver_pieces, electrum_pieces, gold_pieces, platinum_pieces) VALUES (26, 'Soran', 'Druid', 5, 'TRUE_NEUTRAL', 'HUMAN', 'Soldier', 0, 11, 12, 8, 11, 9, 16, 2, 14, 14, 16, 6, 30, 0, 0, 10, 0, 0);
INSERT INTO character_sheet (player_id, name, primary_class, primary_level, alignment, race, background, experience_points, strength, dexterity, constitution, intelligence, wisdom, charisma, proficiency_bonus, max_hit_points, current_hit_points, armor_class, initiative, speed, copper_pieces, silver_pieces, electrum_pieces, gold_pieces, platinum_pieces) VALUES (27, 'Iris', 'Cleric', 2, 'TRUE_NEUTRAL', 'HUMAN', 'Soldier', 0, 12, 8, 11, 18, 12, 8, 2, 15, 15, 14, 4, 30, 0, 0, 10, 0, 0);
INSERT INTO character_sheet (player_id, name, primary_class, primary_level, alignment, race, background, experience_points, strength, dexterity, constitution, intelligence, wisdom, charisma, proficiency_bonus, max_hit_points, current_hit_points, armor_class, initiative, speed, copper_pieces, silver_pieces, electrum_pieces, gold_pieces, platinum_pieces) VALUES (28, 'Pavel', 'Wizard', 5, 'TRUE_NEUTRAL', 'HUMAN', 'Soldier', 0, 18, 16, 18, 11, 14, 12, 2, 19, 19, 18, 8, 30, 0, 0, 10, 0, 0);
INSERT INTO character_sheet (player_id, name, primary_class, primary_level, alignment, race, background, experience_points, strength, dexterity, constitution, intelligence, wisdom, charisma, proficiency_bonus, max_hit_points, current_hit_points, armor_class, initiative, speed, copper_pieces, silver_pieces, electrum_pieces, gold_pieces, platinum_pieces) VALUES (29, 'Luna', 'Druid', 2, 'TRUE_NEUTRAL', 'HUMAN', 'Soldier', 0, 12, 8, 9, 18, 11, 9, 2, 14, 14, 14, 4, 30, 0, 0, 10, 0, 0);
INSERT INTO character_sheet (player_id, name, primary_class, primary_level, alignment, race, background, experience_points, strength, dexterity, constitution, intelligence, wisdom, charisma, proficiency_bonus, max_hit_points, current_hit_points, armor_class, initiative, speed, copper_pieces, silver_pieces, electrum_pieces, gold_pieces, platinum_pieces) VALUES (30, 'Merek', 'Cleric', 3, 'TRUE_NEUTRAL', 'HUMAN', 'Soldier', 0, 16, 12, 9, 13, 11, 8, 2, 14, 14, 16, 6, 30, 0, 0, 10, 0, 0);
INSERT INTO character_sheet (player_id, name, primary_class, primary_level, alignment, race, background, experience_points, strength, dexterity, constitution, intelligence, wisdom, charisma, proficiency_bonus, max_hit_points, current_hit_points, armor_class, initiative, speed, copper_pieces, silver_pieces, electrum_pieces, gold_pieces, platinum_pieces) VALUES (31, 'Zara', 'Rogue', 5, 'TRUE_NEUTRAL', 'HUMAN', 'Soldier', 0, 13, 9, 15, 18, 11, 18, 2, 17, 17, 14, 4, 30, 0, 0, 10, 0, 0);
INSERT INTO character_sheet (player_id, name, primary_class, primary_level, alignment, race, background, experience_points, strength, dexterity, constitution, intelligence, wisdom, charisma, proficiency_bonus, max_hit_points, current_hit_points, armor_class, initiative, speed, copper_pieces, silver_pieces, electrum_pieces, gold_pieces, platinum_pieces) VALUES (32, 'Balin', 'Bard', 5, 'TRUE_NEUTRAL', 'HUMAN', 'Soldier', 0, 14, 8, 12, 15, 16, 11, 2, 16, 16, 14, 4, 30, 0, 0, 10, 0, 0);
INSERT INTO character_sheet (player_id, name, primary_class, primary_level, alignment, race, background, experience_points, strength, dexterity, constitution, intelligence, wisdom, charisma, proficiency_bonus, max_hit_points, current_hit_points, armor_class, initiative, speed, copper_pieces, silver_pieces, electrum_pieces, gold_pieces, platinum_pieces) VALUES (33, 'Fiora', 'Druid', 3, 'TRUE_NEUTRAL', 'HUMAN', 'Soldier', 0, 8, 17, 9, 15, 16, 16, 2, 14, 14, 18, 8, 30, 0, 0, 10, 0, 0);
INSERT INTO character_sheet (player_id, name, primary_class, primary_level, alignment, race, background, experience_points, strength, dexterity, constitution, intelligence, wisdom, charisma, proficiency_bonus, max_hit_points, current_hit_points, armor_class, initiative, speed, copper_pieces, silver_pieces, electrum_pieces, gold_pieces, platinum_pieces) VALUES (34, 'Hector', 'Rogue', 2, 'TRUE_NEUTRAL', 'HUMAN', 'Soldier', 0, 15, 17, 10, 17, 9, 10, 2, 15, 15, 18, 8, 30, 0, 0, 10, 0, 0);
INSERT INTO character_sheet (player_id, name, primary_class, primary_level, alignment, race, background, experience_points, strength, dexterity, constitution, intelligence, wisdom, charisma, proficiency_bonus, max_hit_points, current_hit_points, armor_class, initiative, speed, copper_pieces, silver_pieces, electrum_pieces, gold_pieces, platinum_pieces) VALUES (35, 'Tessa', 'Wizard', 3, 'TRUE_NEUTRAL', 'HUMAN', 'Soldier', 0, 13, 16, 15, 12, 10, 12, 2, 17, 17, 18, 8, 30, 0, 0, 10, 0, 0);
INSERT INTO character_sheet (player_id, name, primary_class, primary_level, alignment, race, background, experience_points, strength, dexterity, constitution, intelligence, wisdom, charisma, proficiency_bonus, max_hit_points, current_hit_points, armor_class, initiative, speed, copper_pieces, silver_pieces, electrum_pieces, gold_pieces, platinum_pieces) VALUES (36, 'Silas', 'Fighter', 2, 'TRUE_NEUTRAL', 'HUMAN', 'Soldier', 0, 16, 14, 10, 18, 9, 10, 2, 15, 15, 17, 7, 30, 0, 0, 10, 0, 0);
INSERT INTO character_sheet (player_id, name, primary_class, primary_level, alignment, race, background, experience_points, strength, dexterity, constitution, intelligence, wisdom, charisma, proficiency_bonus, max_hit_points, current_hit_points, armor_class, initiative, speed, copper_pieces, silver_pieces, electrum_pieces, gold_pieces, platinum_pieces) VALUES (37, 'Dalia', 'Druid', 5, 'TRUE_NEUTRAL', 'HUMAN', 'Soldier', 0, 10, 12, 13, 15, 17, 11, 2, 16, 16, 16, 6, 30, 0, 0, 10, 0, 0);
INSERT INTO character_sheet (player_id, name, primary_class, primary_level, alignment, race, background, experience_points, strength, dexterity, constitution, intelligence, wisdom, charisma, proficiency_bonus, max_hit_points, current_hit_points, armor_class, initiative, speed, copper_pieces, silver_pieces, electrum_pieces, gold_pieces, platinum_pieces) VALUES (38, 'Quinn', 'Rogue', 4, 'TRUE_NEUTRAL', 'HUMAN', 'Soldier', 0, 14, 11, 9, 8, 13, 9, 2, 14, 14, 15, 5, 30, 0, 0, 10, 0, 0);
INSERT INTO character_sheet (player_id, name, primary_class, primary_level, alignment, race, background, experience_points, strength, dexterity, constitution, intelligence, wisdom, charisma, proficiency_bonus, max_hit_points, current_hit_points, armor_class, initiative, speed, copper_pieces, silver_pieces, electrum_pieces, gold_pieces, platinum_pieces) VALUES (39, 'Rene', 'Bard', 2, 'TRUE_NEUTRAL', 'HUMAN', 'Soldier', 0, 18, 18, 13, 8, 15, 15, 2, 16, 16, 19, 9, 30, 0, 0, 10, 0, 0);
INSERT INTO character_sheet (player_id, name, primary_class, primary_level, alignment, race, background, experience_points, strength, dexterity, constitution, intelligence, wisdom, charisma, proficiency_bonus, max_hit_points, current_hit_points, armor_class, initiative, speed, copper_pieces, silver_pieces, electrum_pieces, gold_pieces, platinum_pieces) VALUES (40, 'PG40', 'Fighter', 5, 'TRUE_NEUTRAL', 'HUMAN', 'Soldier', 0, 12, 18, 12, 16, 18, 18, 2, 16, 16, 19, 9, 30, 0, 0, 10, 0, 0);

-- Campagne

INSERT INTO campaigns (id, master_id, title, description, start_date, scheduled_next_session, invite_players_code, invite_masters_code, master_ban_pending_until, is_finished) VALUES (1, 41, 'La Cripta dei Sussurri', 'Una campagna dark fantasy incentrata su misteri e antiche maledizioni.', '2024-01-01', '2025-11-10', '8T44H2UG', 'RB2FZ5PR', NULL, FALSE);
INSERT INTO campaigns (id, master_id, title, description, start_date, scheduled_next_session, invite_players_code, invite_masters_code, master_ban_pending_until, is_finished) VALUES (2, 42, 'I Tesori di Valdoro', 'Campagna di esplorazione e saccheggio di rovine dimenticate.', '2024-01-31', '2025-11-17', 'UMK90T8P', '5XVP2BQ9', NULL, FALSE);
INSERT INTO campaigns (id, master_id, title, description, start_date, scheduled_next_session, invite_players_code, invite_masters_code, master_ban_pending_until, is_finished) VALUES (3, 43, 'Il Trono di Ferroombra', 'Una lotta politica per il controllo di una città-stato minacciata.', '2024-03-01', '2025-11-24', 'YB80OOCK', '2FSX7AJV', NULL, FALSE);
INSERT INTO campaigns (id, master_id, title, description, start_date, scheduled_next_session, invite_players_code, invite_masters_code, master_ban_pending_until, is_finished) VALUES (4, 44, 'Le Rotte dellEst', 'Avventure marittime tra pirati e isole esotiche.', '2024-03-31', '2025-12-01', 'SMCMBLRQ', '3WUD2AX2', NULL, FALSE);
INSERT INTO campaigns (id, master_id, title, description, start_date, scheduled_next_session, invite_players_code, invite_masters_code, master_ban_pending_until, is_finished) VALUES (5, 45, 'La Congrega delle Lame', 'Storie di spie e assassini in una megalopoli decadente.', '2024-04-30', '2025-12-08', 'PRLG0WL3', 'DVU7YF9A', NULL, FALSE);
INSERT INTO campaigns (id, master_id, title, description, start_date, scheduled_next_session, invite_players_code, invite_masters_code, master_ban_pending_until, is_finished) VALUES (6, 46, 'Il Sussurro del Drago', 'Campagna epica per affrontare un antico drago risvegliato.', '2024-05-30', '2025-12-15', '6ONLA5D2', 'UZR8623O', NULL, FALSE);
INSERT INTO campaigns (id, master_id, title, description, start_date, scheduled_next_session, invite_players_code, invite_masters_code, master_ban_pending_until, is_finished) VALUES (7, 47, 'Custodi della Foresta Antica', 'Proteggere un bosco vivo da industrializzazione magica.', '2024-06-29', '2025-12-22', 'P7XZJS6S', 'VX0YJ54U', NULL, FALSE);
INSERT INTO campaigns (id, master_id, title, description, start_date, scheduled_next_session, invite_players_code, invite_masters_code, master_ban_pending_until, is_finished) VALUES (8, 48, 'Cronache di Novigrad', 'Storie urbane, contratti e sorprese magiche.', '2024-07-29', '2025-12-29', 'ZOSAX31M', 'SBP3YPVJ', NULL, FALSE);
INSERT INTO campaigns (id, master_id, title, description, start_date, scheduled_next_session, invite_players_code, invite_masters_code, master_ban_pending_until, is_finished) VALUES (9, 49, 'La Setta delle Stelle', 'Investigazioni astronomiche e culti celesti.', '2024-08-28', '2026-01-05', '5G33BS08', 'OUBH2A9Q', NULL, FALSE);
INSERT INTO campaigns (id, master_id, title, description, start_date, scheduled_next_session, invite_players_code, invite_masters_code, master_ban_pending_until, is_finished) VALUES (10, 50, 'La Prova del Veggente', 'Una serie di dungeon puzzle con prove di saggezza.', '2024-09-27', '2026-01-12', 'EPISW09O', 'P9A4JAYT', NULL, FALSE);
INSERT INTO campaigns (id, master_id, title, description, start_date, scheduled_next_session, invite_players_code, invite_masters_code, master_ban_pending_until, is_finished) VALUES (11, 41, 'I Rifugiati di Arkhel', 'Campagna politica/sociale in un mondo post-conflitto.', '2024-10-27', '2026-01-19', '8TVENJQ3', '6Y653PGV', NULL, FALSE);
INSERT INTO campaigns (id, master_id, title, description, start_date, scheduled_next_session, invite_players_code, invite_masters_code, master_ban_pending_until, is_finished) VALUES (12, 42, 'La Maschera dOro', 'Una corsa al potere tra nobili e mercanti senza scrupoli.', '2024-11-26', '2026-01-26', '3EZ2P1FF', 'I6IXH00I', NULL, FALSE);

-- Partecipanti alle campagne

INSERT INTO campaign_players (campaign_id, character_id) VALUES (1, 2);
INSERT INTO campaign_players (campaign_id, character_id) VALUES (1, 22);
INSERT INTO campaign_players (campaign_id, character_id) VALUES (1, 18);
INSERT INTO campaign_players (campaign_id, character_id) VALUES (1, 19);
INSERT INTO campaign_players (campaign_id, character_id) VALUES (1, 39);
INSERT INTO campaign_players (campaign_id, character_id) VALUES (1, 5);
INSERT INTO campaign_players (campaign_id, character_id) VALUES (2, 3);
INSERT INTO campaign_players (campaign_id, character_id) VALUES (2, 14);
INSERT INTO campaign_players (campaign_id, character_id) VALUES (2, 16);
INSERT INTO campaign_players (campaign_id, character_id) VALUES (2, 38);
INSERT INTO campaign_players (campaign_id, character_id) VALUES (2, 20);
INSERT INTO campaign_players (campaign_id, character_id) VALUES (2, 10);
INSERT INTO campaign_players (campaign_id, character_id) VALUES (3, 6);
INSERT INTO campaign_players (campaign_id, character_id) VALUES (3, 35);
INSERT INTO campaign_players (campaign_id, character_id) VALUES (3, 5);
INSERT INTO campaign_players (campaign_id, character_id) VALUES (3, 4);
INSERT INTO campaign_players (campaign_id, character_id) VALUES (3, 38);
INSERT INTO campaign_players (campaign_id, character_id) VALUES (4, 2);
INSERT INTO campaign_players (campaign_id, character_id) VALUES (4, 39);
INSERT INTO campaign_players (campaign_id, character_id) VALUES (4, 33);
INSERT INTO campaign_players (campaign_id, character_id) VALUES (4, 35);
INSERT INTO campaign_players (campaign_id, character_id) VALUES (5, 9);
INSERT INTO campaign_players (campaign_id, character_id) VALUES (5, 5);
INSERT INTO campaign_players (campaign_id, character_id) VALUES (5, 4);
INSERT INTO campaign_players (campaign_id, character_id) VALUES (6, 35);
INSERT INTO campaign_players (campaign_id, character_id) VALUES (6, 29);
INSERT INTO campaign_players (campaign_id, character_id) VALUES (6, 5);
INSERT INTO campaign_players (campaign_id, character_id) VALUES (6, 21);
INSERT INTO campaign_players (campaign_id, character_id) VALUES (6, 38);
INSERT INTO campaign_players (campaign_id, character_id) VALUES (6, 15);
INSERT INTO campaign_players (campaign_id, character_id) VALUES (7, 36);
INSERT INTO campaign_players (campaign_id, character_id) VALUES (7, 37);
INSERT INTO campaign_players (campaign_id, character_id) VALUES (7, 22);
INSERT INTO campaign_players (campaign_id, character_id) VALUES (7, 8);
INSERT INTO campaign_players (campaign_id, character_id) VALUES (7, 34);
INSERT INTO campaign_players (campaign_id, character_id) VALUES (7, 19);
INSERT INTO campaign_players (campaign_id, character_id) VALUES (8, 26);
INSERT INTO campaign_players (campaign_id, character_id) VALUES (8, 3);
INSERT INTO campaign_players (campaign_id, character_id) VALUES (8, 31);
INSERT INTO campaign_players (campaign_id, character_id) VALUES (8, 35);
INSERT INTO campaign_players (campaign_id, character_id) VALUES (9, 26);
INSERT INTO campaign_players (campaign_id, character_id) VALUES (9, 12);
INSERT INTO campaign_players (campaign_id, character_id) VALUES (9, 4);
INSERT INTO campaign_players (campaign_id, character_id) VALUES (9, 38);
INSERT INTO campaign_players (campaign_id, character_id) VALUES (10, 5);
INSERT INTO campaign_players (campaign_id, character_id) VALUES (10, 7);
INSERT INTO campaign_players (campaign_id, character_id) VALUES (10, 4);
INSERT INTO campaign_players (campaign_id, character_id) VALUES (10, 37);
INSERT INTO campaign_players (campaign_id, character_id) VALUES (10, 1);
INSERT INTO campaign_players (campaign_id, character_id) VALUES (11, 27);
INSERT INTO campaign_players (campaign_id, character_id) VALUES (11, 6);
INSERT INTO campaign_players (campaign_id, character_id) VALUES (11, 10);
INSERT INTO campaign_players (campaign_id, character_id) VALUES (11, 36);
INSERT INTO campaign_players (campaign_id, character_id) VALUES (11, 8);
INSERT INTO campaign_players (campaign_id, character_id) VALUES (12, 14);
INSERT INTO campaign_players (campaign_id, character_id) VALUES (12, 29);
INSERT INTO campaign_players (campaign_id, character_id) VALUES (12, 30);
INSERT INTO campaign_players (campaign_id, character_id) VALUES (12, 32);


INSERT INTO users (username, email, password_hash) 
VALUES ('Eladmin', 'admin@bugbusters.com', '$2a$10$1dXv7qYHvn2mGUGNphfVW.DIk.l56ZUY0r5uK04qIy4PfDCdDs0u.');
INSERT INTO players (user_id) SELECT id FROM users WHERE username = 'Eladmin';
INSERT INTO masters (user_id) SELECT id FROM users WHERE username = 'Eladmin';
INSERT INTO users_roles (user_id, role_id) 
SELECT 
    (SELECT id FROM users WHERE username = 'Eladmin'), 
    (SELECT id FROM roles WHERE role_name = 'ROLE_ADMIN');
INSERT INTO users_roles (user_id, role_id) 
SELECT 
    (SELECT id FROM users WHERE username = 'Eladmin'), 
    (SELECT id FROM roles WHERE role_name = 'ROLE_USER');
    
UPDATE users
SET password_hash = "$2a$10$aKqyzwUSFQFcJFbw47Y2F.u.THjOHrsDSkoAksKZdgT64/OeKz6HW"
WHERE id > 0;

UPDATE users
SET profile_image_url = NULL
WHERE id > 0;
